variant,total / active (M),jump at conversion,final val loss,vs dense continued,MaxVio final,MaxVio peak,dead final,dead peak
drop (baseline),11.75 / 4.67,0.055,0.7725,0.0085,0.01,0.01,0 / 32,0
copy,11.75 / 4.67,-0.0,0.7604,-0.0037,0.01,0.01,0 / 32,0
partition,7.03 / 3.49,0.0587,0.7744,0.0104,0.0,0.01,0 / 32,0
"copy, hard top-k",11.75 / 4.67,-0.0,0.7583,-0.0058,0.01,0.01,0 / 32,0
no balancing,11.75 / 4.67,0.055,0.7727,0.0086,0.9,0.93,1 / 32,2
aux loss,11.75 / 4.67,0.055,0.7725,0.0085,0.04,0.08,0 / 32,0
softmax router,11.75 / 4.67,0.055,0.7722,0.0081,0.01,0.01,0 / 32,0
no shared expert,20.01 / 5.85,0.2832,0.7803,0.0163,0.0,0.02,0 / 32,0
"16 experts, top-4",7.04 / 3.50,0.0952,0.7799,0.0158,0.01,0.02,0 / 64,0
