variant,seed,final val loss,total params (M),active params (M),jump at conversion,MaxVio final,MaxVio peak,CV final,effective experts final,experts per layer,dead final,dead peak,experts total
"dense, continued",0,0.7639135777950287,,,,,,,,,,,
drop (baseline),0,0.7727051794528961,11.75,4.67,0.0551154375076293,0.0054272413253784,0.0146386623382568,0.0030795608181506,7.999961853027344,8.0,0.0,0.0,32.0
copy,0,0.759749498963356,11.75,4.67,-1.4901161193847656e-08,0.0062206983566284,0.0098583996295928,0.0035736637655645,7.999946117401123,8.0,0.0,0.0,32.0
partition,0,0.7743001341819763,7.03,3.49,0.0608283728361129,0.0044848620891571,0.0096301138401031,0.0029997448436915,7.99996280670166,8.0,0.0,0.0,32.0
"copy, hard top-k",0,0.7582681030035019,11.75,4.67,-1.4901161193847656e-08,0.0050195157527923,0.0141357481479644,0.0028236773796379,7.999966144561768,8.0,0.0,0.0,32.0
no balancing,0,0.7722770303487778,11.75,4.67,0.0551154375076293,0.6808739900588989,0.7833837866783142,0.4840914905071258,6.796199321746826,8.0,2.0,2.0,32.0
aux loss,0,0.7723825007677079,11.75,4.67,0.0551154375076293,0.0484595000743866,0.1012963950634002,0.0324937663972377,7.995484352111816,8.0,0.0,0.0,32.0
softmax router,0,0.7717229157686234,11.75,4.67,0.055099070072174,0.0062719881534576,0.0096338093280792,0.0039367652498185,7.999934196472168,8.0,0.0,0.0,32.0
no shared expert,0,0.7787305265665054,20.01,5.85,0.2788432627916335,0.0055969059467315,0.0137976109981536,0.0034724150318652,7.999949932098389,8.0,0.0,0.0,32.0
"16 experts, top-4",0,0.7796194285154343,7.04,3.5,0.1096620619297027,0.0051648020744323,0.0231701731681823,0.0033942016307264,15.999906539916992,16.0,0.0,0.0,64.0
"dense, continued",1,0.7640570312738418,,,,,,,,,,,
drop (baseline),1,0.7731464028358459,11.75,4.67,0.054114094376564,0.0061975419521331,0.0132788121700286,0.0032256008125841,7.999957084655762,8.0,0.0,0.0,32.0
copy,1,0.7607812345027923,11.75,4.67,-8.940696738513054e-09,0.0043505728244781,0.0167688131332397,0.0027553047984838,7.999967575073242,8.0,0.0,0.0,32.0
partition,1,0.7743472248315811,7.03,3.49,0.0608412593603133,0.0044018626213073,0.020056128501892,0.0026888856664299,7.999967575073242,8.0,0.0,0.0,32.0
"copy, hard top-k",1,0.7587378203868866,11.75,4.67,-8.940696738513054e-09,0.0044567883014678,0.0206835865974426,0.0038257944397628,7.999935626983643,8.0,0.0,0.0,32.0
no balancing,1,0.7727888643741607,11.75,4.67,0.054114094376564,0.997424304485321,1.011350154876709,0.5446287393569946,6.666377544403076,8.0,3.0,3.0,32.0
aux loss,1,0.7724733293056488,11.75,4.67,0.054114094376564,0.0545263886451721,0.1029443442821502,0.0298525132238864,7.996346473693848,8.0,0.0,0.0,32.0
softmax router,1,0.7723257124423981,11.75,4.67,0.0541529178619384,0.0055639445781707,0.0102453529834747,0.0027572398539632,7.999969005584717,8.0,0.0,0.0,32.0
no shared expert,1,0.7788971990346909,20.01,5.85,0.2753980249166488,0.004613041877746582,0.010683596134185791,0.0024095657281577587,7.999974727630615,8.0,0.0,0.0,32.0
"16 experts, top-4",1,0.7795289754867554,7.04,3.5,0.10059194564819329,0.0065393149852752686,0.023074954748153687,0.0035112446639686823,15.999898910522461,16.0,0.0,0.0,64.0
"dense, continued",2,0.7637208729982377,,,,,,,,,,,
drop (baseline),2,0.7714054077863693,11.75,4.67,0.0551737457513809,0.004260271787643433,0.014772951602935791,0.002858731895685196,7.999966621398926,8.0,0.0,0.0,32.0
copy,2,0.7593332141637802,11.75,4.67,-5.9604645663569045e-09,0.005943596363067627,0.023535162210464478,0.004300333093851805,7.999916076660156,8.0,0.0,0.0,32.0
partition,2,0.7744128406047821,7.03,3.49,0.06169032454490653,0.004285901784896851,0.017125248908996582,0.002779375994578004,7.999966144561768,8.0,0.0,0.0,32.0
"copy, hard top-k",2,0.7585531502962113,11.75,4.67,-5.9604645663569045e-09,0.0071447789669036865,0.012639135122299194,0.0051461621187627316,7.999885559082031,8.0,0.0,0.0,32.0
no balancing,2,0.7715822607278824,11.75,4.67,0.0551737457513809,0.7746399641036987,0.7932970523834229,0.4962819814682007,6.951959609985352,8.0,0.0,0.0,32.0
aux loss,2,0.7718008190393448,11.75,4.67,0.0551737457513809,0.06373777985572815,0.07109254598617554,0.03542276844382286,7.99472188949585,8.0,0.0,0.0,32.0
softmax router,2,0.771392023563385,11.75,4.67,0.055184587836265564,0.006260991096496582,0.011540532112121582,0.004299591761082411,7.999919891357422,8.0,0.0,0.0,32.0
no shared expert,2,0.7782165735960007,20.01,5.85,0.26030540168285365,0.004887670278549194,0.011951923370361328,0.0030900416895747185,7.999960899353027,8.0,0.0,0.0,32.0
"16 experts, top-4",2,0.7785630166530609,7.04,3.5,0.10362709760665889,0.00577881932258606,0.026668697595596313,0.00307845720089972,15.99992561340332,16.0,0.0,0.0,64.0
