variant,seeds,jump at conversion,final val loss,vs dense continued,MaxVio final,MaxVio peak,CV final,effective experts final,dead final,dead peak,total / active (M),experts per layer
"dense, continued",3,—,0.7639 ± 0.0002,0.0000 ± 0.0000,—,—,—,—,—,—,—,—
drop (baseline),3,0.0548 ± 0.0006,0.7724 ± 0.0009,0.0085 ± 0.0007,0.005 ± 0.001,0.014 ± 0.001,0.003 ± 0.000,8.00 ± 0.00,0.0 ± 0.0,0.0 ± 0.0,11.75 / 4.67,8.0
copy,3,-0.0000 ± 0.0000,0.7600 ± 0.0007,-0.0039 ± 0.0006,0.006 ± 0.001,0.017 ± 0.007,0.004 ± 0.001,8.00 ± 0.00,0.0 ± 0.0,0.0 ± 0.0,11.75 / 4.67,8.0
partition,3,0.0611 ± 0.0005,0.7744 ± 0.0001,0.0105 ± 0.0002,0.004 ± 0.000,0.016 ± 0.005,0.003 ± 0.000,8.00 ± 0.00,0.0 ± 0.0,0.0 ± 0.0,7.03 / 3.49,8.0
"copy, hard top-k",3,-0.0000 ± 0.0000,0.7585 ± 0.0002,-0.0054 ± 0.0002,0.006 ± 0.001,0.016 ± 0.004,0.004 ± 0.001,8.00 ± 0.00,0.0 ± 0.0,0.0 ± 0.0,11.75 / 4.67,8.0
no balancing,3,0.0548 ± 0.0006,0.7722 ± 0.0006,0.0083 ± 0.0004,0.818 ± 0.163,0.863 ± 0.129,0.508 ± 0.032,6.80 ± 0.14,1.7 ± 1.5,1.7 ± 1.5,11.75 / 4.67,8.0
aux loss,3,0.0548 ± 0.0006,0.7722 ± 0.0004,0.0083 ± 0.0002,0.056 ± 0.008,0.092 ± 0.018,0.033 ± 0.003,8.00 ± 0.00,0.0 ± 0.0,0.0 ± 0.0,11.75 / 4.67,8.0
softmax router,3,0.0548 ± 0.0006,0.7718 ± 0.0005,0.0079 ± 0.0003,0.006 ± 0.000,0.010 ± 0.001,0.004 ± 0.001,8.00 ± 0.00,0.0 ± 0.0,0.0 ± 0.0,11.75 / 4.67,8.0
no shared expert,3,0.2715 ± 0.0099,0.7786 ± 0.0004,0.0147 ± 0.0002,0.005 ± 0.001,0.012 ± 0.002,0.003 ± 0.001,8.00 ± 0.00,0.0 ± 0.0,0.0 ± 0.0,20.01 / 5.85,8.0
"16 experts, top-4",3,0.1046 ± 0.0046,0.7792 ± 0.0006,0.0153 ± 0.0004,0.006 ± 0.001,0.024 ± 0.002,0.003 ± 0.000,16.00 ± 0.00,0.0 ± 0.0,0.0 ± 0.0,7.04 / 3.50,16.0
