variant,Δ val loss vs dense continued,verdict (vs dense),Δ val loss vs baseline,verdict (loss),Δ MaxVio vs baseline,verdict (MaxVio)
drop (baseline),+0.0085 ± 0.0007,real  (p = 0.003),—,—,—,—
copy,-0.0039 ± 0.0006,real  (p = 0.007),-0.0125 ± 0.0005,real  (p = 0.000),+0.0002 ± 0.0018,within noise  (p = 0.861)
partition,+0.0105 ± 0.0002,real  (p = 0.000),+0.0019 ± 0.0009,within noise  (p = 0.072),-0.0009 ± 0.0009,within noise  (p = 0.228)
"copy, hard top-k",-0.0054 ± 0.0002,real  (p = 0.001),-0.0139 ± 0.0009,real  (p = 0.001),+0.0002 ± 0.0024,within noise  (p = 0.875)
no balancing,+0.0083 ± 0.0004,real  (p = 0.001),-0.0002 ± 0.0003,within noise  (p = 0.399),+0.8124 ± 0.1620,real  (p = 0.013)
aux loss,+0.0083 ± 0.0002,real  (p = 0.000),-0.0002 ± 0.0005,within noise  (p = 0.590),+0.0503 ± 0.0084,real  (p = 0.009)
softmax router,+0.0079 ± 0.0003,real  (p = 0.001),-0.0006 ± 0.0005,within noise  (p = 0.181),+0.0007 ± 0.0013,within noise  (p = 0.436)
no shared expert,+0.0147 ± 0.0002,real  (p = 0.000),+0.0062 ± 0.0006,real  (p = 0.003),-0.0003 ± 0.0012,within noise  (p = 0.735)
"16 experts, top-4",+0.0153 ± 0.0004,real  (p = 0.000),+0.0068 ± 0.0004,real  (p = 0.001),+0.0005 ± 0.0009,within noise  (p = 0.416)
